SamplingTime, AccelerationX, AccelerationY, AccelerationZ, GyroX, GyroY, GyroZ, MagneticFieldX, MagneticFieldY, MagneticFieldZ
1618796580.5736809, , , , 0.009823, 0.124600, 0.006347, , , 
1618796580.6645699, , , , -0.064550, 0.084321, -0.024634, , , 
1618796580.727382, , , , -0.007171, 0.051301, -0.021145, , , 
1618796580.7869802, , , , -0.046242, 0.037703, -0.013970, , , 
1618796580.824257, , , , -0.167357, 0.263807, -0.027973, , , 
1618796580.8848782, , , , -0.002245, 0.008486, -0.059538, , , 
1618796580.945395, , , , 0.038345, -0.030412, -0.080913, , , 
1618796581.0243149, , , , 0.065687, -0.052963, -0.154927, , , 
1618796581.093643, , , , -0.007962, -0.094708, -0.161761, , , 
1618796581.173764, , , , -0.005764, -0.011208, -0.071284, , , 
1618796581.2432861, , , , 0.014429, 0.122580, 0.025437, , , 
1618796581.323909, , , , 0.014844, 0.110058, 0.078062, , , 
1618796581.394438, , , , 0.089774, 0.091219, 0.066318, , , 
1618796581.47432, , , , -0.172974, -0.071180, 0.033086, , , 
1618796581.543311, , , , -0.037035, -0.028138, -0.032686, , , 
1618796581.6243072, , , , -0.010400, 0.030907, -0.031238, , , 
1618796581.69412, , , , -0.102993, 0.032871, 0.002812, , , 
1618796581.7736912, , , , -0.048417, 0.044023, 0.015052, , , 
1618796581.842879, , , , -0.021545, -0.020849, 0.023991, , , 
1618796581.923331, , , , 0.024750, -0.014267, 0.017654, , , 
1618796581.99319, , , , 0.008113, -0.040269, 0.010316, , , 
1618796582.074291, , , , 0.022672, -0.057675, 0.001307, , , 
1618796582.144319, , , , -0.017623, -0.012557, -0.004417, , , 
1618796582.224258, , , , -0.032256, -0.039049, 0.005665, , , 
1618796582.295408, , , , 0.020411, -0.027940, 0.006166, , , 
1618796582.3735418, , , , 0.025201, 0.011282, 0.002730, , , 
1618796582.444988, , , , 0.089651, -0.018182, 0.001096, , , 
1618796582.5234962, , , , 0.151419, 0.033807, 0.000888, , , 
1618796582.597394, , , , 0.195962, 0.081169, -0.002045, , , 
1618796582.6742558, , , , 0.298824, -0.222138, 0.043792, , , 
1618796582.743517, , , , 0.247418, -0.149751, 0.003984, , , 
1618796582.824528, , , , 0.186585, -0.107945, 0.014384, , , 
1618796582.896538, , , , 0.204172, -0.011333, 0.007981, , , 
1618796582.973549, , , , 0.119518, 0.021820, -0.021113, , , 
1618796583.045267, , , , 0.232492, 0.033786, -0.024254, , , 
1618796583.123743, , , , 0.230697, 0.023053, -0.032571, , , 
1618796583.194428, , , , 0.186186, 0.054322, -0.033235, , , 
1618796583.274328, , , , 0.126157, 0.067268, -0.025241, , , 
1618796583.343761, , , , 0.064022, 0.048214, -0.035102, , , 
1618796583.423815, , , , 0.085196, 0.032623, -0.050770, , , 
1618796583.493314, , , , 0.055889, -0.013433, -0.024025, , , 
1618796583.573575, , , , 0.054431, -0.034033, -0.014427, , , 
1618796583.6436539, , , , 0.052233, 0.038121, -0.014100, , , 
1618796583.723824, , , , 0.007539, -0.000835, -0.005407, , , 
1618796583.794055, , , , 0.004877, 0.004393, -0.006974, , , 
1618796583.8743281, , , , 0.055789, 0.023509, -0.005959, , , 
1618796583.9443278, , , , -0.005613, -0.079264, 0.003708, , , 
1618796584.024324, , , , 0.043014, -0.086744, 0.010642, , , 
1618796584.094909, , , , 0.064595, -0.029414, 0.006952, , , 
1618796584.173637, , , , -0.064861, 0.002797, 0.004490, , , 
1618796584.242858, , , , -0.215663, -0.009725, 0.004659, , , 
1618796584.273627, , , , -0.175705, 0.014026, -0.003985, , , 
1618796584.33531, , , , -0.167123, -0.087375, 0.003923, , , 
1618796584.39706, , , , -0.203906, 0.033949, -0.029303, , , 
1618796584.47375, , , , -0.192659, 0.001180, -0.028883, , , 
1618796584.545035, , , , -0.124921, -0.036744, -0.039560, , , 
1618796584.6242661, , , , -0.228497, -0.106751, -0.005469, , , 
1618796584.693507, , , , -0.110402, -0.103403, -0.020684, , , 
1618796584.7232928, , , , -0.146984, -0.081105, -0.000094, , , 
1618796584.783445, , , , -0.122566, -0.036080, -0.030746, , , 
1618796584.845675, , , , -0.156394, -0.062293, -0.005618, , , 
1618796584.923675, , , , -0.158181, -0.010083, -0.024429, , , 
1618796584.996139, , , , -0.126248, -0.090682, 0.001709, , , 
1618796585.0743, , , , -0.004788, -0.018054, -0.056476, , , 
1618796585.145376, , , , -0.026815, -0.062573, -0.071575, , , 
1618796585.2242742, , , , 0.010617, -0.067200, -0.072865, , , 
1618796585.296135, , , , -0.062269, -0.125371, -0.015975, , , 
1618796585.373454, , , , -0.029859, -0.040045, -0.060727, , , 
1618796585.444675, , , , -0.013167, -0.059934, -0.032015, , , 
1618796585.4733229, , , , -0.038833, -0.026135, -0.050249, , , 
1618796585.5344582, , , , -0.076736, -0.077766, -0.010181, , , 
1618796585.597405, , , , -0.090894, -0.000843, -0.034605, , , 
1618796585.674269, , , , 0.055186, -0.005873, -0.024633, , , 
1618796585.746206, , , , -0.024835, -0.015986, -0.027023, , , 
1618796585.824269, , , , 0.058647, -0.091470, -0.014362, , , 
1618796585.8952289, , , , 0.038886, -0.031431, -0.021035, , , 
1618796585.9238958, , , , 0.062927, -0.046960, -0.018939, , , 
1618796585.9852571, , , , 0.011826, -0.013351, -0.037759, , , 
1618796586.047721, , , , 0.055666, -0.053868, -0.007373, , , 
1618796586.123666, , , , -0.007868, 0.093569, -0.047728, , , 
1618796586.187159, , , , 0.122470, -0.068850, -0.004193, , , 
1618796586.252252, , , , -0.022505, 0.015494, -0.034379, , , 
1618796586.323968, , , , -0.024846, -0.006584, -0.007414, , , 
1618796586.387775, , , , 0.003286, -0.014713, 0.010746, , , 
1618796586.451737, , , , 0.005148, 0.020920, -0.000501, , , 
1618796586.523909, , , , 0.006186, 0.014683, 0.008576, , , 
1618796586.5886822, , , , 0.007515, 0.002544, 0.006037, , , 
1618796586.652858, , , , 0.043517, -0.015748, 0.005417, , , 
1618796586.7238998, , , , -0.005028, -0.014301, -0.000933, , , 
1618796586.787458, , , , 0.028443, -0.042717, -0.002439, , , 
1618796586.851215, , , , -0.044110, 0.103261, -0.036247, , , 
1618796586.923808, , , , 0.098714, -0.122688, 0.012046, , , 
1618796586.987115, , , , -0.104545, 0.037030, -0.000765, , , 
1618796587.050946, , , , -0.101056, 0.008092, 0.013277, , , 
1618796587.124017, , , , -0.083780, -0.013180, 0.012970, , , 
1618796587.188287, , , , -0.129692, 0.001713, 0.011695, , , 
1618796587.25138, , , , -0.065605, -0.004699, 0.008330, , , 
1618796587.323975, , , , -0.056809, 0.016029, 0.005576, , , 
1618796587.388397, , , , -0.038655, -0.013666, 0.012013, , , 
1618796587.452174, , , , -0.014438, -0.028414, 0.010682, , , 
1618796587.523814, , , , -0.075004, 0.006759, 0.002482, , , 
1618796587.587776, , , , 0.030095, -0.102497, 0.015615, , , 
1618796587.651895, , , , -0.030650, 0.012821, -0.003124, , , 
1618796587.723876, , , , -0.095437, -0.012339, 0.005364, , , 
1618796587.78807, , , , -0.038470, -0.016142, -0.000287, , , 
1618796587.852622, , , , -0.082835, 0.020206, -0.003171, , , 
1618796587.923791, , , , -0.012430, -0.008948, 0.004059, , , 
1618796587.98581, , , , 0.022412, 0.005959, 0.004445, , , 
1618796588.0472841, , , , -0.000129, 0.001198, 0.002516, , , 
1618796588.123375, , , , 0.066788, 0.015427, -0.011282, , , 
1618796588.19734, , , , 0.127809, 0.044762, -0.024127, , , 
1618796588.274318, , , , 0.010570, 0.010637, -0.016960, , , 
1618796588.347017, , , , -0.017616, -0.032483, -0.003993, , , 
1618796588.4242768, , , , 0.053273, 0.006460, -0.012999, , , 
1618796588.497669, , , , 0.162265, 0.040252, -0.011947, , , 
1618796588.573751, , , , 0.115732, 0.034761, -0.007673, , , 
1618796588.640018, , , , 0.077424, -0.038832, 0.009621, , , 
1618796588.673746, , , , 0.126607, -0.036905, 0.005054, , , 
1618796588.741998, , , , 0.110752, 0.002168, -0.015610, , , 
1618796588.7735848, , , , 0.065674, -0.058334, 0.001577, , , 
1618796588.836879, , , , 0.092725, -0.147488, -0.021890, , , 
1618796588.901517, , , , 0.102472, 0.011743, -0.048156, , , 
1618796588.9738069, , , , 0.015979, -0.029407, -0.037372, , , 
1618796589.039854, , , , 0.065594, 0.006115, -0.033948, , , 
1618796589.104018, , , , 0.026711, 0.040432, -0.028421, , , 
1618796589.173987, , , , 0.092175, 0.020529, -0.014983, , , 
1618796589.239438, , , , 0.283683, 0.088816, 0.009882, , , 
1618796589.3040519, , , , 0.151436, -0.006471, -0.040721, , , 
1618796589.373671, , , , 0.133966, -0.036228, -0.028853, , , 
1618796589.438765, , , , -0.014868, -0.098607, -0.031839, , , 
1618796589.503416, , , , 0.072964, -0.071352, -0.034998, , , 
1618796589.573806, , , , 0.027675, -0.074331, -0.037857, , , 
1618796589.638771, , , , 0.093050, 0.020896, -0.031351, , , 
1618796589.703407, , , , 0.031210, 0.028673, -0.027924, , , 
1618796589.7739248, , , , 0.082983, 0.004442, -0.015321, , , 
1618796589.8361511, , , , 0.042656, 0.037941, -0.020828, , , 
1618796589.8980699, , , , 0.037534, 0.017426, -0.021059, , , 
1618796589.9737911, , , , 0.104477, 0.014888, -0.024625, , , 
1618796590.0380669, , , , 0.016558, 0.002360, -0.012404, , , 
1618796590.103224, , , , -0.001644, -0.009174, -0.011332, , , 
1618796590.173877, , , , -0.004266, 0.005363, -0.011296, , , 
1618796590.237482, , , , 0.002051, 0.008694, -0.009793, , , 
1618796590.299354, , , , 0.064120, 0.026297, -0.006304, , , 
1618796590.373817, , , , 0.045293, 0.008772, -0.005329, , , 
1618796590.438694, , , , 0.085389, 0.033698, -0.009160, , , 
1618796590.5046449, , , , 0.089664, -0.092240, 0.037021, , , 
1618796590.5735168, , , , 0.232576, -0.045265, 0.010704, , , 
1618796590.6384978, , , , 0.070785, -0.086755, 0.007033, , , 
1618796590.704489, , , , 0.036789, -0.050663, -0.021653, , , 
1618796590.773341, , , , -0.124553, -0.061546, -0.014389, , , 
1618796590.837541, , , , -0.223128, 0.003020, -0.012323, , , 
1618796590.9034681, , , , -0.123115, -0.077481, -0.003640, , , 
1618796590.973878, , , , -0.122184, 0.040771, -0.024737, , , 
1618796591.0386, , , , -0.138619, -0.117895, 0.008228, , , 
1618796591.1037788, , , , -0.360929, 0.110228, -0.040422, , , 
1618796591.173779, , , , -0.115405, -0.078830, -0.031572, , , 
1618796591.236922, , , , -0.224289, -0.045074, 0.004013, , , 
1618796591.301725, , , , -0.033770, -0.025300, -0.006005, , , 
1618796591.373931, , , , 0.009370, -0.038750, -0.015314, , , 
1618796591.436852, , , , -0.059520, 0.009502, -0.036817, , , 
1618796591.500516, , , , 0.006260, -0.088594, -0.023908, , , 
1618796591.576859, , , , -0.086200, -0.017632, -0.027084, , , 
1618796591.6596131, , , , 0.068706, 0.022199, -0.027062, , , 
1618796591.736547, , , , -0.066247, -0.047698, 0.001536, , , 
1618796591.8107529, , , , -0.135011, -0.123119, 0.035422, , , 
1618796591.882894, , , , 0.009236, -0.068712, 0.001244, , , 
1618796591.949189, , , , 0.027809, -0.094786, -0.005568, , , 
1618796592.0243258, , , , -0.048545, -0.070796, -0.023775, , , 
1618796592.090746, , , , -0.087537, -0.059779, -0.013265, , , 
1618796592.1577501, , , , 0.017803, -0.057660, -0.010950, , , 
1618796592.2238832, , , , -0.019156, -0.039876, -0.021313, , , 
1618796592.290813, , , , -0.027965, -0.041061, -0.012318, , , 
1618796592.3564758, , , , -0.022487, -0.043452, -0.021392, , , 
1618796592.432061, , , , 0.030850, -0.014856, -0.011566, , , 
1618796592.500617, , , , 0.003603, -0.017310, -0.010645, , , 
1618796592.586773, , , , 0.013111, -0.134191, 0.022323, , , 
1618796592.662099, , , , 0.045896, 0.012749, -0.016296, , , 
1618796592.739069, , , , 0.047464, -0.020184, -0.010513, , , 
1618796592.814695, , , , -0.024717, -0.026991, -0.001485, , , 
1618796592.8830419, , , , -0.033437, 0.013580, -0.021221, , , 
1618796592.950166, , , , 0.029337, -0.023662, -0.000865, , , 
1618796593.029015, , , , -0.006295, -0.012543, -0.001396, , , 
1618796593.108511, , , , 0.012486, -0.005473, -0.003471, , , 
1618796593.1862621, , , , 0.031129, -0.028810, -0.001271, , , 
1618796593.2595592, , , , -0.005795, 0.005046, -0.003236, , , 
1618796593.327302, , , , 0.014249, -0.066471, -0.001489, , , 
1618796593.396857, , , , -0.006314, 0.056900, -0.021862, , , 
1618796593.4743361, , , , 0.065014, -0.043452, 0.002228, , , 
1618796593.56147, , , , -0.002314, -0.027469, -0.002745, , , 
1618796593.6530309, , , , -0.028914, -0.010889, -0.012227, , , 
1618796593.7290568, , , , 0.020963, 0.006500, -0.012519, , , 
1618796593.8066459, , , , 0.021506, -0.017588, -0.007054, , , 
1618796593.874288, , , , 0.009535, -0.004971, -0.017836, , , 
1618796593.941364, , , , 0.012436, -0.053352, -0.010466, , , 
1618796594.007217, , , , -0.006035, -0.052601, -0.013300, , , 
1618796594.076422, , , , 0.005340, -0.072646, -0.005969, , , 
1618796594.1435099, , , , 0.033966, -0.122707, -0.004397, , , 
1618796594.1733909, , , , 0.071785, -0.102022, -0.000969, , , 
1618796594.238142, , , , -0.054750, -0.008533, -0.009773, , , 
1618796594.305465, , , , -0.018947, -0.000760, -0.004472, , , 
1618796594.385308, , , , -0.009306, 0.013029, -0.007672, , , 
1618796594.4636168, , , , -0.041008, 0.039402, -0.015140, , , 
1618796594.5417209, , , , -0.013212, -0.001326, -0.011004, , , 
1618796594.62379, , , , -0.092665, -0.019672, -0.001380, , , 
1618796594.7012172, , , , -0.119412, -0.022280, -0.002899, , , 
1618796594.773597, , , , -0.126474, 0.059583, -0.002158, , , 
1618796594.840036, , , , -0.037204, -0.137432, 0.012834, , , 
1618796594.915357, , , , -0.146259, 0.033438, -0.003307, , , 
1618796595.015068, , , , -0.108807, 0.064561, 0.000217, , , 
1618796595.099996, , , , -0.060029, 0.004730, 0.015468, , , 
1618796595.182379, , , , -0.039677, 0.017060, 0.014419, , , 
1618796595.2502499, , , , -0.033693, -0.004053, 0.018198, , , 
1618796595.353815, , , , -0.000379, 0.017278, 0.006327, , , 
1618796595.4341679, , , , 0.027955, 0.012409, -0.004563, , , 
1618796595.511467, , , , -0.099239, 0.015671, -0.005411, , , 
1618796595.587099, , , , -0.022133, -0.005797, 0.005295, , , 
1618796595.6599522, , , , 0.037153, 0.000555, 0.006434, , , 
1618796595.73067, , , , 0.056072, -0.003723, 0.011203, , , 
1618796595.807334, , , , 0.064059, 0.024504, 0.002011, , , 
1618796595.8821049, , , , 0.083485, 0.001238, 0.000070, , , 
1618796595.949373, , , , 0.084717, 0.006572, 0.005887, , , 
1618796596.024297, , , , 0.033556, -0.036796, 0.009797, , , 
1618796596.0918798, , , , 0.004384, -0.082717, 0.010751, , , 
1618796596.159694, , , , 0.124112, -0.024219, 0.002255, , , 
1618796596.228302, , , , 0.032808, -0.004669, 0.002196, , , 
1618796596.295834, , , , 0.032578, 0.020674, -0.002868, , , 
1618796596.388726, , , , 0.080737, 0.001142, -0.000599, , , 
1618796596.473834, , , , 0.095646, -0.007642, 0.000175, , , 
1618796596.586152, , , , 0.017602, -0.030382, 0.004068, , , 
1618796596.666935, , , , -0.004008, -0.070974, 0.013544, , , 
1618796596.7432508, , , , 0.043493, 0.005589, -0.009728, , , 
1618796596.824082, , , , 0.015163, -0.012974, -0.001184, , , 
1618796596.892904, , , , 0.027851, 0.012341, -0.010572, , , 
1618796596.923716, , , , 0.033959, 0.017882, -0.004096, , , 
1618796596.988111, , , , 0.038768, -0.001619, -0.000226, , , 
1618796597.055121, , , , 0.051275, -0.034083, -0.021368, , , 
1618796597.124364, , , , 0.054403, 0.099206, -0.016826, , , 
1618796597.190864, , , , -0.020235, 0.085066, -0.000243, , , 
1618796597.258009, , , , -0.015181, -0.032142, 0.024276, , , 
1618796597.325605, , , , 0.056966, 0.033377, -0.006994, , , 
1618796597.392308, , , , 0.020239, -0.017326, -0.014235, , , 
1618796597.4588919, , , , -0.001544, 0.001799, -0.019785, , , 
1618796597.526694, , , , 0.039146, -0.057025, -0.007818, , , 
1618796597.593476, , , , 0.083144, -0.070070, -0.001005, , , 
1618796597.623544, , , , 0.036864, -0.033501, -0.011689, , , 
1618796597.6899738, , , , 0.042082, -0.045600, -0.005200, , , 
1618796597.756989, , , , -0.013789, -0.030619, 0.002047, , , 
1618796597.824184, , , , -0.045856, -0.049546, -0.001897, , , 
1618796597.892387, , , , 0.033687, -0.007253, -0.009223, , , 
1618796597.958479, , , , -0.008729, -0.004839, -0.015273, , , 
1618796598.024057, , , , -0.013940, -0.013321, -0.005035, , , 
1618796598.088886, , , , 0.028031, -0.038649, -0.013728, , , 
1618796598.1554642, , , , 0.009392, 0.025910, -0.034896, , , 
1618796598.2234821, , , , 0.002733, 0.006948, -0.023918, , , 
1618796598.2890038, , , , 0.003617, 0.030194, -0.025018, , , 
1618796598.354319, , , , -0.012577, 0.091981, -0.030681, , , 
1618796598.426147, , , , -0.052101, 0.009968, -0.010105, , , 
1618796598.494973, , , , -0.011979, 0.018276, -0.018901, , , 
1618796598.523449, , , , -0.021999, 0.008321, -0.019507, , , 
1618796598.588029, , , , -0.058205, -0.002621, -0.025876, , , 
1618796598.6544251, , , , 0.025517, -0.059375, -0.013443, , , 
1618796598.7243109, , , , -0.008727, -0.029189, -0.020324, , , 
1618796598.7911282, , , , 0.046344, -0.054579, -0.006554, , , 
1618796598.857743, , , , -0.013297, -0.006859, -0.008981, , , 
1618796598.9277492, , , , 0.058882, 0.044442, -0.045638, , , 
1618796598.995285, , , , 0.064480, 0.119489, -0.067076, , , 
1618796599.023394, , , , 0.080696, -0.041298, -0.021971, , , 
1618796599.091642, , , , -0.039962, -0.017667, -0.011654, , , 
1618796599.148664, , , , 0.020027, -0.022742, -0.003856, , , 
1618796599.229362, , , , -0.104843, 0.009935, -0.009879, , , 
1618796599.298792, , , , -0.005047, -0.011435, -0.022597, , , 
1618796599.3733501, , , , -0.130321, 0.023469, -0.013061, , , 
1618796599.440162, , , , -0.020206, -0.094317, 0.007746, , , 
1618796599.49578, , , , -0.080457, -0.018532, -0.000533, , , 
1618796599.533026, , , , -0.082765, -0.080717, -0.002086, , , 
1618796599.588845, , , , -0.068572, -0.036854, -0.008782, , , 
1618796599.625884, , , , -0.111747, -0.128863, 0.007146, , , 
1618796599.693972, , , , -0.116345, -0.113798, -0.000554, , , 
1618796599.723521, , , , -0.028280, -0.009330, -0.055553, , , 
1618796599.790189, , , , -0.057220, -0.096866, -0.001824, , , 
1618796599.8570771, , , , -0.112292, -0.070747, 0.001225, , , 
1618796599.927751, , , , -0.089895, -0.036860, -0.002972, , , 
1618796599.997971, , , , -0.055543, -0.053270, -0.005461, , , 
1618796600.074317, , , , -0.029971, -0.049385, -0.011612, , , 
1618796600.143073, , , , -0.006898, -0.090806, 0.013442, , , 
1618796600.199821, , , , 0.000554, -0.045526, 0.009951, , , 
1618796600.28089, , , , 0.074193, -0.017913, -0.014333, , , 
1618796600.352116, , , , 0.041262, -0.058572, -0.015965, , , 
1618796600.424999, , , , 0.080166, 0.026533, -0.031046, , , 
1618796600.494677, , , , 0.015587, 0.007621, -0.024709, , , 
1618796600.523695, , , , 0.054225, 0.069104, -0.038703, , , 
1618796600.593069, , , , 0.137400, -0.051872, -0.014753, , , 
1618796600.663002, , , , 0.014311, 0.012693, -0.006351, , , 
1618796600.736116, , , , -0.018358, -0.014903, 0.003223, , , 
1618796600.792634, , , , 0.023069, 0.002643, -0.018619, , , 
1618796600.832006, , , , 0.067868, -0.040610, -0.007081, , , 
1618796600.889452, , , , 0.021383, -0.013669, -0.015756, , , 
1618796600.928961, , , , 0.065221, -0.010451, -0.017188, , , 
1618796600.997992, , , , 0.030541, -0.008923, -0.022538, , , 
1618796601.0745869, , , , 0.028854, -0.005251, -0.020191, , , 
1618796601.144465, , , , 0.060338, -0.015188, -0.007283, , , 
1618796601.200931, , , , 0.007514, -0.010146, -0.004321, , , 
1618796601.284316, , , , 0.055871, -0.026832, -0.017928, , , 
1618796601.3515859, , , , -0.000664, 0.063273, -0.013880, , , 
1618796601.4244041, , , , 0.125491, -0.053756, -0.004767, , , 
1618796601.49208, , , , -0.016217, -0.004873, -0.007576, , , 
1618796601.5471148, , , , 0.010497, -0.009632, -0.004971, , , 
1618796601.585103, , , , -0.041404, 0.008571, -0.011668, , , 
1618796601.653774, , , , 0.060355, -0.050504, -0.002771, , , 
1618796601.724893, , , , -0.027428, -0.003374, -0.001938, , , 
1618796601.7940369, , , , 0.025978, -0.014790, -0.008178, , , 
1618796601.861938, , , , -0.015571, -0.010700, -0.008001, , , 
1618796601.93358, , , , 0.006567, -0.027542, -0.009663, , , 
1618796601.9879432, , , , -0.012603, -0.017848, -0.018242, , , 
1618796602.026705, , , , 0.024885, -0.030253, -0.011666, , , 
1618796602.094294, , , , -0.017804, 0.007109, -0.013795, , , 
1618796602.149857, , , , 0.037842, -0.006719, -0.012603, , , 
1618796602.231186, , , , 0.001305, 0.000098, -0.012146, , , 
1618796602.299607, , , , 0.009687, -0.014417, -0.008517, , , 
1618796602.374679, , , , -0.054118, 0.008685, -0.018775, , , 
1618796602.44285, , , , 0.009858, -0.025744, -0.007430, , , 
1618796602.497067, , , , -0.042807, -0.002197, -0.012300, , , 
1618796602.535404, , , , -0.007231, 0.002545, -0.010412, , , 
1618796602.5903091, , , , 0.008056, -0.021086, -0.013025, , , 
1618796602.6290898, , , , 0.010050, -0.005151, -0.014447, , , 
1618796602.697967, , , , -0.016003, -0.022174, -0.007593, , , 
1618796602.776075, , , , -0.003045, -0.043625, 0.004722, , , 
1618796602.846847, , , , -0.065524, 0.065549, -0.023596, , , 
1618796602.9313369, , , , -0.054507, -0.019740, -0.005815, , , 
1618796603.011876, , , , -0.233129, -0.007075, 0.000792, , , 
1618796603.094648, , , , -0.308813, 0.011779, -0.000993, , , 
1618796603.165399, , , , -0.116581, -0.038644, 0.000985, , , 
1618796603.239186, , , , -0.129088, 0.017530, -0.002701, , , 
1618796603.311178, , , , -0.078507, -0.026260, -0.001332, , , 
1618796603.384574, , , , -0.068549, 0.022362, -0.010185, , , 
1618796603.460143, , , , -0.098984, -0.085096, 0.005838, , , 
1618796603.5473561, , , , -0.055510, -0.105751, 0.008907, , , 
1618796603.6256552, , , , -0.059965, 0.025750, -0.001955, , , 
1618796603.6979098, , , , -0.104048, 0.036009, 0.007544, , , 
1618796603.7803512, , , , 0.001214, 0.025527, 0.002541, , , 
1618796603.859548, , , , 0.003214, 0.015963, 0.005027, , , 
1618796603.942099, , , , 0.024921, -0.001119, 0.007833, , , 
1618796603.999733, , , , -0.015104, 0.022120, 0.006295, , , 
1618796604.085315, , , , -0.025693, -0.028281, 0.002146, , , 
1618796604.142189, , , , -0.048173, 0.056221, -0.006168, , , 
1618796604.183073, , , , -0.101526, -0.068148, 0.027528, , , 
1618796604.240776, , , , -0.044493, -0.018147, 0.011115, , , 
1618796604.282683, , , , -0.003565, -0.007925, 0.005081, , , 
1618796604.339953, , , , -0.020814, -0.010349, 0.010225, , , 
1618796604.380295, , , , 0.001786, 0.015721, 0.001476, , , 
1618796604.45229, , , , 0.025780, -0.007137, 0.001670, , , 
1618796604.525985, , , , 0.067070, -0.033016, 0.005143, , , 
1618796604.597262, , , , -0.019894, -0.003626, 0.007523, , , 
1618796604.677434, , , , 0.045093, -0.058576, -0.001945, , , 
1618796604.748956, , , , 0.077127, -0.076253, -0.014063, , , 
1618796604.825745, , , , 0.047557, -0.067127, -0.006713, , , 
1618796604.896796, , , , 0.015174, -0.037134, -0.007890, , , 
1618796604.981601, , , , 0.011977, 0.014114, -0.001172, , , 
1618796605.066646, , , , 0.036306, 0.026253, 0.009244, , , 
1618796605.151422, , , , 0.030151, 0.016962, 0.005568, , , 
1618796605.2335448, , , , 0.023050, 0.025278, -0.007538, , , 
1618796605.2904592, , , , -0.018390, 0.014179, -0.009939, , , 
1618796605.332355, , , , -0.043221, -0.112747, -0.001929, , , 
1618796605.3957992, , , , 0.077706, -0.016844, -0.027482, , , 
1618796605.490732, , , , 0.070676, -0.083050, -0.025584, , , 
1618796605.547674, , , , -0.059931, 0.004914, -0.026088, , , 
1618796605.6348062, , , , 0.027425, -0.013719, -0.016010, , , 
1618796605.69152, , , , 0.052387, 0.011629, -0.015033, , , 
1618796605.732537, , , , 0.012851, -0.000442, -0.016331, , , 
1618796605.7899709, , , , 0.025642, 0.033049, -0.010176, , , 
1618796605.8308492, , , , 0.020200, 0.008582, -0.020937, , , 
1618796605.90241, , , , 0.001800, 0.005411, -0.021323, , , 
1618796605.976975, , , , 0.062540, -0.038597, -0.000857, , , 
1618796606.0491729, , , , 0.051493, -0.009483, -0.006160, , , 
1618796606.1272302, , , , 0.027190, -0.006272, -0.010525, , , 
1618796606.1992888, , , , 0.045632, -0.021780, -0.011209, , , 
1618796606.27708, , , , 0.052169, -0.017783, -0.008105, , , 
1618796606.348857, , , , 0.072925, -0.021766, -0.009317, , , 
1618796606.4295092, , , , 0.008252, 0.012559, -0.000560, , , 
1618796606.505543, , , , 0.224866, -0.000172, -0.018185, , , 
1618796606.580085, , , , 0.179541, -0.068550, -0.071676, , , 
1618796606.654618, , , , 0.120282, -0.078791, -0.063589, , , 
1618796606.729333, , , , 0.029422, -0.083236, -0.045677, , , 
1618796606.803234, , , , 0.099482, -0.126780, -0.014055, , , 
1618796606.8779001, , , , 0.035460, -0.047130, -0.019728, , , 
1618796606.9501262, , , , 0.106068, -0.082301, -0.013702, , , 
1618796607.02744, , , , 0.029149, -0.141126, 0.007958, , , 
1618796607.099536, , , , 0.084096, -0.028094, -0.014398, , , 
1618796607.1773028, , , , 0.091049, -0.015696, -0.009631, , , 
1618796607.2494478, , , , 0.042510, -0.005681, -0.006283, , , 
1618796607.32682, , , , 0.027737, -0.019096, -0.003131, , , 
1618796607.398549, , , , 0.088085, -0.013172, -0.002774, , , 
1618796607.4769359, , , , 0.106706, -0.026438, -0.016004, , , 
1618796607.549166, , , , 0.062145, -0.019572, -0.005005, , , 
1618796607.6272979, , , , 0.078366, 0.011440, 0.004190, , , 
1618796607.7001262, , , , 0.062812, -0.075681, 0.025759, , , 
1618796607.777831, , , , 0.164035, -0.029503, -0.008107, , , 
1618796607.85166, , , , 0.034266, -0.016810, -0.007439, , , 
1618796607.928485, , , , 0.087069, -0.012217, -0.020590, , , 
1618796608.000597, , , , 0.040748, 0.011902, -0.016529, , , 
1618796608.0770988, , , , 0.091262, -0.020574, -0.001906, , , 
1618796608.149713, , , , -0.006103, 0.040866, 0.006121, , , 
1618796608.2280312, , , , 0.062014, 0.009382, 0.006973, , , 
1618796608.3000941, , , , 0.020519, 0.011041, 0.004880, , , 
1618796608.3801131, , , , 0.096719, -0.017343, -0.006601, , , 
1618796608.464947, , , , -0.046082, 0.045462, -0.029629, , , 
1618796608.542342, , , , 0.082765, -0.071421, -0.001268, , , 
1618796608.5990639, , , , -0.017827, -0.007483, -0.012850, , , 
1618796608.688634, , , , -0.044808, -0.063860, 0.022710, , , 
1618796608.7458658, , , , 0.031584, -0.015432, -0.006673, , , 
1618796608.7888532, , , , 0.024428, -0.004448, 0.007264, , , 
1618796608.861954, , , , -0.074957, 0.040905, 0.007402, , , 
1618796608.938478, , , , 0.012615, 0.006918, 0.031889, , , 
1618796608.9947, , , , -0.034148, 0.012500, 0.022449, , , 
1618796609.037778, , , , 0.030316, -0.016556, 0.006123, , , 
1618796609.094911, , , , -0.008270, -0.011401, 0.015498, , , 
1618796609.138186, , , , -0.023001, 0.042218, 0.010954, , , 
1618796609.195456, , , , -0.013510, -0.002858, 0.027293, , , 
1618796609.2395492, , , , 0.034264, -0.043963, 0.017667, , , 
1618796609.296451, , , , -0.037511, -0.065408, 0.002336, , , 
1618796609.339041, , , , 0.032382, -0.085386, 0.064063, , , 
1618796609.395603, , , , -0.065510, 0.039220, 0.077385, , , 
1618796609.438993, , , , -0.034525, 0.040738, 0.035213, , , 
1618796609.4956431, , , , -0.034496, 0.062524, 0.011635, , , 
1618796609.539123, , , , -0.042057, 0.044411, 0.016206, , , 
1618796609.596077, , , , -0.000701, 0.035655, -0.004300, , , 
1618796609.639879, , , , -0.009718, -0.012746, 0.000725, , , 
1618796609.696836, , , , 0.005440, -0.017699, 0.002152, , , 
1618796609.739684, , , , -0.020883, 0.013400, -0.000524, , , 
1618796609.796269, , , , 0.007425, -0.075681, 0.008915, , , 
1618796609.840125, , , , 0.078783, -0.023826, -0.008478, , , 
1618796609.896655, , , , -0.008488, 0.005392, -0.010729, , , 
1618796609.940423, , , , 0.024074, -0.030544, 0.003495, , , 
1618796609.995459, , , , 0.002266, -0.018957, 0.000093, , , 
1618796610.037459, , , , -0.033062, 0.020805, -0.004650, , , 
1618796610.09326, , , , -0.006303, -0.012485, -0.000265, , , 
1618796610.134842, , , , -0.006119, -0.022752, 0.004104, , , 
1618796610.19031, , , , -0.026388, -0.007350, 0.002459, , , 
1618796610.232094, , , , -0.041677, -0.004711, 0.001062, , , 
1618796610.2875829, , , , -0.063577, 0.003508, 0.007841, , , 
1618796610.329177, , , , -0.162961, 0.054386, 0.004517, , , 
1618796610.4006472, , , , -0.242040, 0.097741, -0.005020, , , 
1618796610.477436, , , , -0.283948, 0.078212, 0.001089, , , 
1618796610.548571, , , , -0.109984, 0.005147, 0.000672, , , 
1618796610.627626, , , , -0.128831, 0.004619, 0.004387, , , 
1618796610.699514, , , , -0.191832, 0.029032, 0.000668, , , 
1618796610.778284, , , , -0.117925, -0.029639, 0.009671, , , 
1618796610.849962, , , , -0.103074, 0.012579, -0.003054, , , 
1618796610.928084, , , , -0.086332, -0.022096, 0.006649, , , 
1618796610.998993, , , , -0.042918, -0.009771, 0.001758, , , 
1618796611.0781012, , , , -0.074117, -0.093605, 0.016877, , , 
1618796611.149545, , , , -0.043684, -0.047613, 0.003256, , , 
1618796611.2275162, , , , -0.048036, -0.023356, 0.000061, , , 
1618796611.2989511, , , , -0.077450, -0.040261, 0.013608, , , 
1618796611.379164, , , , -0.071940, -0.003439, 0.002957, , , 
1618796611.453294, , , , -0.031998, -0.023664, 0.005482, , , 
1618796611.530906, , , , -0.021418, -0.022977, 0.008683, , , 
1618796611.6070728, , , , -0.006725, -0.012153, 0.015162, , , 
1618796611.683918, , , , -0.034826, 0.005372, 0.004242, , , 
1618796611.740648, , , , 0.013821, -0.036686, 0.003145, , , 
1618796611.784552, , , , -0.001237, -0.006787, -0.000722, , , 
1618796611.841495, , , , 0.041855, -0.030835, -0.004901, , , 
1618796611.8860931, , , , 0.012449, -0.032397, -0.005439, , , 
1618796611.943502, , , , 0.012726, -0.046289, -0.000816, , , 
1618796611.987866, , , , 0.002095, -0.003951, 0.001688, , , 
1618796612.0446, , , , -0.000272, 0.009377, 0.019797, , , 
1618796612.0889292, , , , 0.019884, 0.002135, 0.011421, , , 
1618796612.145956, , , , 0.029632, 0.004277, 0.005784, , , 
1618796612.190887, , , , 0.034492, -0.006651, 0.011734, , , 
1618796612.267153, , , , -0.038814, 0.017888, -0.000765, , , 
1618796612.345615, , , , -0.065925, 0.004783, -0.002369, , , 
1618796612.423792, , , , -0.004240, 0.005714, -0.000545, , , 
1618796612.498153, , , , -0.011829, 0.010869, -0.001286, , , 
1618796612.5743961, , , , 0.007654, 0.009114, -0.004938, , , 
1618796612.650573, , , , 0.092100, -0.059225, -0.021032, , , 
1618796612.731563, , , , 0.107917, -0.020965, -0.048442, , , 
1618796612.806723, , , , 0.026412, -0.041533, -0.046640, , , 
1618796612.8837938, , , , -0.002872, -0.038021, -0.022066, , , 
1618796612.9391131, , , , 0.018684, -0.020383, -0.010724, , , 
1618796612.981429, , , , -0.001601, 0.011238, -0.010100, , , 
1618796613.054882, , , , -0.009999, -0.022449, -0.003237, , , 
1618796613.13069, , , , 0.017462, 0.029915, -0.016237, , , 
1618796613.204747, , , , 0.023808, 0.001121, -0.010852, , , 
1618796613.285678, , , , -0.001079, -0.011354, -0.012156, , , 
1618796613.344465, , , , 0.037448, -0.006720, -0.004532, , , 
1618796613.392528, , , , -0.042754, -0.070268, 0.001790, , , 
1618796613.44973, , , , 0.091865, -0.053185, -0.021844, , , 
1618796613.544785, , , , 0.042425, -0.025254, -0.028491, , , 
1618796613.620245, , , , 0.019045, -0.032224, -0.008301, , , 
1618796613.6959128, , , , 0.042673, -0.002259, -0.009810, , , 
1618796613.7737231, , , , 0.044966, -0.017587, -0.007009, , , 
1618796613.8487492, , , , 0.051117, -0.009535, -0.013212, , , 
1618796613.924855, , , , 0.013233, 0.017886, -0.020836, , , 
1618796613.999119, , , , 0.108403, 0.081588, -0.042851, , , 
1618796614.0743499, , , , 0.014515, -0.012938, -0.016467, , , 
1618796614.149438, , , , 0.050045, -0.014691, -0.008788, , , 
1618796614.2244592, , , , -0.016324, -0.001335, -0.007170, , , 
1618796614.297461, , , , -0.014901, 0.000085, -0.020863, , , 
1618796614.374367, , , , -0.018275, 0.005266, -0.021501, , , 
1618796614.447299, , , , 0.012447, -0.067475, -0.007198, , , 
1618796614.5244079, , , , 0.020564, -0.086149, 0.005515, , , 
1618796614.597107, , , , -0.039407, -0.124821, 0.014907, , , 
1618796614.674559, , , , 0.028224, -0.068398, -0.004579, , , 
1618796614.747546, , , , 0.012556, -0.030594, -0.005164, , , 
1618796614.824415, , , , -0.043045, -0.015184, -0.006976, , , 
1618796614.900209, , , , 0.030582, -0.014657, -0.007208, , , 
1618796614.976964, , , , 0.009936, 0.001836, -0.016550, , , 
1618796615.0560899, , , , 0.076947, -0.020844, -0.013605, , , 
1618796615.134811, , , , 0.028312, -0.025753, -0.022066, , , 
1618796615.191657, , , , 0.087617, -0.052834, -0.010335, , , 
1618796615.237807, , , , 0.130109, -0.050804, -0.011524, , , 
1618796615.294986, , , , 0.090270, 0.016753, -0.029771, , , 
1618796615.3406858, , , , 0.193430, -0.070760, 0.002390, , , 
1618796615.398034, , , , 0.085879, -0.029505, -0.038323, , , 
1618796615.492124, , , , 0.038573, -0.028482, -0.005153, , , 
1618796615.547635, , , , 0.037197, 0.016797, -0.012509, , , 
1618796615.6419659, , , , 0.060827, -0.012417, -0.013709, , , 
1618796615.6979141, , , , 0.035585, -0.025450, -0.009756, , , 
1618796615.7909942, , , , 0.212750, -0.037390, -0.035376, , , 
1618796615.864942, , , , 0.084955, -0.004567, -0.023193, , , 
1618796615.941743, , , , 0.045228, -0.020110, -0.019221, , , 
1618796615.9970632, , , , 0.009612, -0.007842, -0.019754, , , 
1618796616.042111, , , , -0.021420, -0.019923, -0.019670, , , 
1618796616.097178, , , , 0.041379, 0.014266, -0.021430, , , 
1618796616.140986, , , , 0.054525, -0.054449, -0.008869, , , 
1618796616.19611, , , , -0.043293, 0.012994, -0.015989, , , 
1618796616.2410522, , , , -0.035834, -0.012959, -0.018852, , , 
1618796616.295992, , , , -0.022887, -0.029971, -0.012833, , , 
1618796616.34041, , , , -0.026764, -0.023792, -0.009745, , , 
1618796616.3952432, , , , 0.001379, -0.032025, -0.005480, , , 
1618796616.440117, , , , -0.032130, -0.021508, -0.011849, , , 
1618796616.4947991, , , , -0.010452, -0.015861, -0.015686, , , 
1618796616.538697, , , , 0.008530, -0.017864, -0.008950, , , 
1618796616.593591, , , , -0.001086, -0.026483, -0.007392, , , 
1618796616.63848, , , , -0.023649, -0.015399, -0.018270, , , 
1618796616.693883, , , , -0.007710, -0.015546, -0.019235, , , 
1618796616.738544, , , , -0.000865, -0.050491, -0.001550, , , 
1618796616.794392, , , , -0.014912, 0.025241, -0.027552, , , 
1618796616.8393412, , , , 0.026608, -0.006524, -0.015583, , , 
1618796616.894308, , , , 0.014871, -0.039310, -0.005119, , , 
1618796616.939311, , , , -0.023896, -0.005146, -0.014365, , , 
1618796616.9941978, , , , -0.027611, -0.031273, -0.003700, , , 
1618796617.0397248, , , , -0.047889, -0.001470, -0.007267, , , 
1618796617.0958939, , , , -0.006917, -0.039853, -0.002046, , , 
1618796617.140139, , , , -0.044960, -0.032637, -0.000133, , , 
1618796617.19538, , , , -0.075431, -0.024543, -0.002525, , , 
1618796617.2407699, , , , -0.042976, -0.013145, 0.003083, , , 
1618796617.295711, , , , -0.068938, -0.037585, 0.005669, , , 
1618796617.339463, , , , -0.096681, -0.014656, -0.013863, , , 
1618796617.397485, , , , -0.070230, 0.019351, -0.006507, , , 
1618796617.49582, , , , -0.077849, 0.014052, -0.000622, , , 
1618796617.5749059, , , , -0.092640, -0.001278, 0.003278, , , 
1618796617.631675, , , , -0.060377, -0.006061, -0.000544, , , 
1618796617.706357, , , , -0.125892, -0.010670, 0.007360, , , 
1618796617.781252, , , , -0.091950, -0.003401, 0.013438, , , 
1618796617.856615, , , , -0.087734, -0.010087, 0.006999, , , 
1618796617.950484, , , , -0.143021, 0.001262, -0.003298, , , 
1618796618.025179, , , , -0.185219, -0.024106, 0.001168, , , 
1618796618.101166, , , , -0.278393, -0.030446, -0.022987, , , 
1618796618.177346, , , , -0.236110, 0.015039, -0.044621, , , 
1618796618.255147, , , , -0.121437, 0.016913, -0.023297, , , 
1618796618.3320289, , , , -0.115685, -0.013035, -0.013709, , , 
1618796618.389843, , , , -0.115539, 0.019728, -0.010890, , , 
1618796618.436367, , , , -0.107771, -0.028273, -0.002070, , , 
1618796618.492203, , , , -0.043577, -0.014076, -0.008572, , , 
1618796618.537962, , , , -0.058395, -0.014467, -0.005459, , , 
1618796618.593159, , , , -0.036449, 0.006944, -0.018363, , , 
1618796618.639017, , , , -0.028761, -0.016931, -0.011047, , , 
1618796618.6948419, , , , -0.080488, -0.007277, -0.010848, , , 
1618796618.739897, , , , 0.016435, -0.046536, -0.003616, , , 
1618796618.795486, , , , -0.016712, 0.010489, -0.006604, , , 
1618796618.841567, , , , 0.004290, 0.012078, -0.002549, , , 
1618796618.896656, , , , -0.057916, -0.008258, 0.003541, , , 
1618796618.942244, , , , -0.001491, -0.000841, -0.000417, , , 
1618796618.998314, , , , 0.003270, 0.014431, 0.007001, , , 
1618796619.0938091, , , , 0.038469, 0.000219, 0.004871, , , 
1618796619.148874, , , , 0.035585, -0.000056, 0.003766, , , 
1618796619.245693, , , , 0.062201, 0.001818, -0.009313, , , 
1618796619.321378, , , , 0.067679, -0.005960, -0.011040, , , 
1618796619.399018, , , , 0.155836, 0.043233, -0.014952, , , 
1618796619.474193, , , , 0.089870, 0.028334, 0.000453, , , 
1618796619.549684, , , , 0.083391, 0.031298, -0.001441, , , 
1618796619.626559, , , , 0.078426, 0.015961, -0.003163, , , 
1618796619.702551, , , , 0.073052, 0.020857, -0.002835, , , 
1618796619.7778668, , , , 0.089949, 0.016477, -0.004941, , , 
1618796619.8566341, , , , 0.040609, 0.002078, -0.002843, , , 
1618796619.9350672, , , , -0.012634, 0.010840, -0.009980, , , 
1618796619.990166, , , , 0.076548, -0.000851, -0.019583, , , 
1618796620.036138, , , , 0.046166, -0.010584, -0.008676, , , 
1618796620.0909681, , , , 0.063805, 0.014166, -0.014311, , , 
1618796620.1366549, , , , 0.034388, 0.027491, -0.012718, , , 
1618796620.191424, , , , 0.046359, -0.017660, -0.002794, , , 
1618796620.237654, , , , 0.059516, -0.003387, -0.003461, , , 
1618796620.292373, , , , 0.043799, 0.001435, -0.005217, , , 
1618796620.338657, , , , 0.055626, -0.002388, 0.003696, , , 
1618796620.394594, , , , 0.028049, -0.090670, 0.003294, , , 
1618796620.446587, , , , 0.073436, 0.000953, -0.012800, , , 
1618796620.525456, , , , 0.030554, -0.024742, -0.014135, , , 
1618796620.604465, , , , 0.035562, -0.019384, -0.004673, , , 
1618796620.68572, , , , -0.002697, -0.009189, -0.003697, , , 
1618796620.764841, , , , 0.032409, -0.006261, -0.007785, , , 
1618796620.845463, , , , 0.009857, -0.003674, -0.010567, , , 
1618796620.925774, , , , 0.009790, -0.008163, -0.005499, , , 
1618796621.002709, , , , -0.002226, 0.112222, -0.034367, , , 
1618796621.0798821, , , , -0.018849, -0.033854, -0.005617, , , 
1618796621.158365, , , , 0.049247, -0.008546, -0.017912, , , 
1618796621.2396, , , , -0.045843, 0.028685, -0.021749, , , 
1618796621.316191, , , , -0.031617, 0.006814, -0.019422, , , 
1618796621.392966, , , , -0.048981, 0.003971, -0.017378, , , 
1618796621.468832, , , , -0.031849, -0.031715, -0.003776, , , 
1618796621.547528, , , , -0.127704, 0.067906, -0.032637, , , 
1618796621.6240911, , , , -0.145043, 0.060332, -0.048261, , , 
1618796621.702621, , , , -0.061611, -0.078094, -0.007554, , , 
1618796621.778657, , , , -0.063266, -0.037899, -0.005303, , , 
1618796621.856503, , , , -0.129755, -0.012335, -0.027981, , , 
1618796621.936856, , , , 0.049508, -0.148801, 0.029274, , , 
1618796621.992163, , , , -0.066510, -0.035057, -0.017884, , , 
1618796622.040256, , , , 0.125192, -0.102179, -0.009228, , , 
1618796622.096139, , , , 0.001521, -0.072712, 0.002322, , , 
1618796622.143341, , , , 0.021711, -0.077323, -0.003923, , , 
1618796622.1987581, , , , 0.044910, -0.168964, 0.029003, , , 
1618796622.296859, , , , 0.074087, -0.139983, 0.017107, , , 
1618796622.373805, , , , 0.077688, -0.000344, -0.034651, , , 
1618796622.430561, , , , 0.042399, -0.026202, -0.015101, , , 
1618796622.505938, , , , 0.067417, -0.005449, -0.026480, , , 
1618796622.606293, , , , 0.252646, -0.060686, -0.062269, , , 
1618796622.6850371, , , , 0.134430, 0.025781, -0.055918, , , 
1618796622.7414908, , , , 0.155177, -0.032293, -0.026112, , , 
1618796622.7892032, , , , 0.061653, -0.020230, -0.026682, , , 
1618796622.844876, , , , 0.030574, 0.033512, -0.029978, , , 
1618796622.892901, , , , 0.048433, -0.063736, 0.013990, , , 
1618796622.948121, , , , -0.005209, 0.066940, -0.027371, , , 
1618796623.02601, , , , 0.041828, -0.003549, -0.016073, , , 
1618796623.103365, , , , 0.006026, -0.029001, -0.008045, , , 
1618796623.206214, , , , 0.028849, -0.022604, -0.010306, , , 
1618796623.286855, , , , -0.001845, -0.006626, -0.014077, , , 
1618796623.342129, , , , -0.004343, -0.011738, -0.010227, , , 
1618796623.3927479, , , , 0.023889, -0.011695, -0.011073, , , 
1618796623.44797, , , , -0.011331, -0.007040, -0.009538, , , 
1618796623.547003, , , , 0.001862, -0.047710, -0.000459, , , 
1618796623.623897, , , , -0.021617, 0.010054, -0.013334, , , 
1618796623.703268, , , , 0.013977, -0.011166, -0.003435, , , 
1618796623.7824569, , , , -0.003819, -0.014452, -0.005442, , , 
1618796623.8610868, , , , -0.011720, -0.027886, -0.003059, , , 
1618796623.949954, , , , -0.005845, -0.026485, -0.003752, , , 
1618796624.032259, , , , 0.008077, -0.020767, -0.002413, , , 
1618796624.090977, , , , 0.006455, -0.010008, -0.006584, , , 
1618796624.142956, , , , 0.014987, -0.032699, -0.004551, , , 
1618796624.201582, , , , 0.002797, -0.040991, 0.001386, , , 
1618796624.310323, , , , 0.040443, -0.015671, -0.014566, , , 
1618796624.3925838, , , , -0.026785, -0.009409, -0.010460, , , 
1618796624.469575, , , , -0.027953, -0.016773, -0.004554, , , 
1618796624.547746, , , , -0.001172, -0.008332, -0.002753, , , 
1618796624.624257, , , , -0.012903, -0.015290, -0.001771, , , 
1618796624.703028, , , , 0.003583, -0.020763, 0.007147, , , 
1618796624.779619, , , , -0.005697, -0.028890, 0.003378, , , 
1618796624.858635, , , , 0.023226, -0.055063, 0.008577, , , 
1618796624.9400501, , , , 0.034604, -0.022729, -0.008897, , , 
1618796625.01764, , , , -0.027317, 0.011973, -0.009430, , , 
1618796625.096035, , , , -0.028789, -0.014769, 0.004325, , , 
1618796625.174439, , , , -0.051827, -0.041871, 0.008461, , , 
1618796625.252837, , , , -0.155031, -0.023906, 0.012128, , , 
1618796625.33068, , , , -0.242357, 0.039919, -0.003641, , , 
1618796625.408278, , , , -0.163118, 0.005461, -0.009703, , , 
1618796625.4910932, , , , -0.094206, -0.100720, 0.011872, , , 
1618796625.569123, , , , -0.014905, -0.063478, 0.006066, , , 
1618796625.625267, , , , -0.076978, -0.020693, -0.013600, , , 
1618796625.704224, , , , -0.044692, -0.029846, -0.000619, , , 
1618796625.808156, , , , -0.059202, -0.028701, 0.007474, , , 
1618796625.888986, , , , -0.088523, 0.003977, -0.006123, , , 
1618796625.943624, , , , -0.039982, -0.025484, -0.016873, , , 
1618796625.992713, , , , -0.137839, 0.031919, -0.006321, , , 
1618796626.048647, , , , -0.028537, -0.000776, -0.004759, , , 
1618796626.15092, , , , 0.050871, -0.090018, 0.005998, , , 
1618796626.2294989, , , , -0.053283, -0.051192, -0.005847, , , 
1618796626.309863, , , , -0.072396, -0.025342, -0.012610, , , 
1618796626.392346, , , , -0.039635, 0.005198, -0.006328, , , 
1618796626.470979, , , , 0.013624, -0.025282, 0.005426, , , 
1618796626.550898, , , , -0.001384, -0.006566, -0.002526, , , 
1618796626.630151, , , , 0.011922, 0.016666, -0.024577, , , 
1618796626.709482, , , , 0.040855, 0.028838, -0.016538, , , 
1618796626.7907538, , , , 0.043951, -0.011640, 0.000789, , , 
1618796626.846312, , , , 0.027549, 0.035948, 0.013681, , , 
1618796626.8962421, , , , 0.032397, 0.018061, 0.020900, , , 
1618796626.974797, , , , 0.048845, 0.023621, 0.015135, , , 
1618796627.0541239, , , , 0.060930, 0.030105, 0.001698, , , 
1618796627.133148, , , , 0.030892, 0.083305, 0.014727, , , 
1618796627.189279, , , , 0.086044, 0.008024, 0.058319, , , 
1618796627.239258, , , , -0.023430, 0.018861, 0.063663, , , 
1618796627.2951121, , , , 0.051628, -0.053783, 0.050945, , , 
1618796627.343943, , , , 0.057221, 0.039379, 0.007251, , , 
1618796627.3989758, , , , 0.052178, -0.028304, 0.000121, , , 
1618796627.503861, , , , 0.041042, -0.053037, -0.006292, , , 
1618796627.5826612, , , , 0.033116, -0.086078, 0.004226, , , 
1618796627.6613731, , , , -0.057278, -0.099439, 0.025883, , , 
1618796627.743054, , , , -0.022879, 0.016850, -0.019223, , , 
1618796627.797889, , , , 0.033800, -0.050409, -0.017376, , , 
1618796627.846661, , , , -0.048135, -0.075488, -0.011562, , , 
1618796627.925281, , , , 0.013109, -0.013965, -0.017982, , , 
1618796628.00386, , , , 0.002888, -0.066339, -0.004482, , , 
1618796628.08295, , , , 0.035427, -0.004598, -0.017987, , , 
1618796628.13851, , , , 0.027029, 0.000103, -0.013293, , , 
1618796628.187866, , , , 0.021506, -0.010231, -0.013102, , , 
1618796628.2435188, , , , 0.039506, -0.008446, -0.010157, , , 
1618796628.293066, , , , 0.038802, 0.053762, -0.028124, , , 
1618796628.348032, , , , -0.000743, 0.060403, -0.039020, , , 
1618796628.431376, , , , -0.012107, -0.036854, -0.030147, , , 
1618796628.511372, , , , -0.004680, -0.020630, -0.022400, , , 
1618796628.589217, , , , -0.027004, -0.034031, -0.017993, , , 
1618796628.64462, , , , -0.001561, -0.009289, -0.021391, , , 
1618796628.694845, , , , 0.033395, -0.018309, -0.012973, , , 
1618796628.750181, , , , 0.026438, -0.011921, -0.010862, , , 
1618796628.830061, , , , 0.039998, 0.050190, -0.028222, , , 
1618796628.908949, , , , 0.077611, 0.023507, -0.026563, , , 
1618796628.985863, , , , 0.037092, -0.007947, -0.020079, , , 
1618796629.040777, , , , 0.002310, -0.014408, -0.011367, , , 
1618796629.091062, , , , -0.008436, -0.040299, -0.004386, , , 
1618796629.146132, , , , 0.024713, 0.004814, -0.018035, , , 
1618796629.195315, , , , 0.024138, -0.019105, -0.008786, , , 
1618796629.275772, , , , 0.037489, -0.011770, -0.007621, , , 
1618796629.3563519, , , , 0.080566, -0.050927, 0.003602, , , 
1618796629.436477, , , , -0.009158, -0.017074, 0.000513, , , 
1618796629.491265, , , , 0.089184, -0.092045, 0.014814, , , 
1618796629.540782, , , , -0.039077, 0.019434, -0.015757, , , 
1618796629.595827, , , , 0.046054, -0.011517, -0.010576, , , 
1618796629.645839, , , , 0.040864, -0.035266, -0.004936, , , 
1618796629.726784, , , , -0.074739, 0.009085, -0.013508, , , 
1618796629.806231, , , , -0.086597, -0.011432, -0.007661, , , 
1618796629.885881, , , , 0.043162, -0.042484, 0.011166, , , 
1618796629.966352, , , , -0.026198, -0.062783, -0.005210, , , 
1618796630.048717, , , , -0.038327, -0.061174, 0.001450, , , 
1618796630.129745, , , , 0.057059, -0.055002, 0.006192, , , 
1618796630.209526, , , , -0.005106, 0.005143, -0.010128, , , 
1618796630.293998, , , , -0.070131, -0.016006, 0.005734, , , 
1618796630.373839, , , , 0.016695, -0.090239, 0.014024, , , 
1618796630.429793, , , , 0.018147, -0.036264, -0.011195, , , 
1618796630.510301, , , , 0.078512, -0.068874, -0.007213, , , 
1618796630.5886211, , , , 0.108325, -0.082696, -0.008105, , , 
1618796630.644779, , , , 0.073983, -0.006681, -0.026243, , , 
1618796630.6956959, , , , 0.093932, -0.050049, -0.007143, , , 
1618796630.776514, , , , 0.180632, 0.161357, -0.079707, , , 
1618796630.83428, , , , 0.722665, -0.154215, -0.006772, , , 
1618796630.885428, , , , 0.272254, 0.052895, -0.001709, , , 
1618796630.9409518, , , , 0.022813, 0.084954, -0.030545, , , 
1618796630.992264, , , , 0.178877, -0.037265, 0.004896, , , 
1618796631.047799, , , , 0.058610, 0.004932, 0.012125, , , 
1618796631.100613, , , , 0.033746, 0.000887, -0.008681, , , 
1618796631.183048, , , , -0.039776, -0.027680, 0.009558, , , 
1618796631.263754, , , , 0.051222, -0.035389, 0.008778, , , 
1618796631.347516, , , , -0.048419, 0.011396, -0.006795, , , 
1618796631.4299889, , , , 0.025574, -0.065900, 0.019720, , , 
1618796631.511372, , , , -0.017773, 0.016282, -0.010792, , , 
1618796631.594857, , , , -0.006964, -0.016907, 0.001291, , , 
1618796631.650323, , , , -0.018786, -0.007655, -0.004757, , , 
1618796631.757594, , , , -0.005733, -0.036204, 0.002362, , , 
1618796631.8421888, , , , -0.019138, -0.013771, -0.009246, , , 
1618796631.8971062, , , , -0.014032, -0.035456, -0.003496, , , 
1618796631.948555, , , , 0.008566, -0.027418, -0.003511, , , 
1618796632.02943, , , , -0.012849, -0.039433, -0.000229, , , 
1618796632.109875, , , , -0.005150, -0.085177, 0.012376, , , 
1618796632.192483, , , , -0.064668, -0.016858, -0.015216, , , 
1618796632.247896, , , , -0.055888, -0.066573, -0.015393, , , 
1618796632.355918, , , , -0.051884, -0.066856, -0.013620, , , 
1618796632.437001, , , , -0.055796, -0.026637, -0.021833, , , 
1618796632.516841, , , , -0.045292, -0.014814, -0.031217, , , 
1618796632.599879, , , , -0.028431, -0.005837, -0.030112, , , 
1618796632.6824641, , , , -0.121240, 0.027503, -0.028394, , , 
1618796632.737927, , , , -0.162421, 0.029070, -0.013989, , , 
1618796632.789015, , , , -0.177412, -0.006759, -0.041683, , , 
1618796632.8443398, , , , -0.210561, 0.084482, -0.014498, , , 
1618796632.896908, , , , -0.179751, -0.007758, -0.019364, , , 
1618796632.978575, , , , -0.151207, 0.008681, -0.012588, , , 
1618796633.063034, , , , -0.191182, 0.010814, -0.006188, , , 
1618796633.146812, , , , -0.104047, -0.016713, -0.009576, , , 
1618796633.228184, , , , -0.086022, -0.015822, -0.002869, , , 
1618796633.3097758, , , , -0.097103, -0.010105, -0.000031, , , 
1618796633.394748, , , , -0.161784, -0.046451, -0.024589, , , 
1618796633.449874, , , , 0.016009, -0.082911, 0.000108, , , 
1618796633.559379, , , , -0.017189, -0.062094, -0.003309, , , 
1618796633.6442761, , , , -0.066854, 0.001249, -0.008760, , , 
1618796633.698989, , , , -0.062738, -0.010558, -0.008059, , , 
1618796633.807616, , , , -0.063371, -0.034210, -0.002146, , , 
1618796633.89043, , , , -0.043644, -0.007215, -0.008306, , , 
1618796633.945477, , , , -0.035831, -0.039617, -0.007833, , , 
1618796633.997859, , , , 0.162583, 0.019686, -0.025258, , , 
1618796634.080326, , , , 0.025051, 0.010148, -0.006670, , , 
1618796634.162153, , , , -0.047917, 0.004746, -0.000660, , , 
1618796634.2469249, , , , 0.003051, 0.028238, -0.002072, , , 
1618796634.328438, , , , 0.050549, -0.020438, 0.010148, , , 
1618796634.4103189, , , , 0.035039, -0.000712, 0.001793, , , 
1618796634.495862, , , , 0.065169, -0.104564, 0.003231, , , 
1618796634.579196, , , , -0.035868, -0.025248, -0.005439, , , 
1618796634.637214, , , , 0.072846, -0.060597, -0.000390, , , 
1618796634.690758, , , , 0.031773, -0.039221, 0.009491, , , 
1618796634.746197, , , , 0.063643, 0.006360, -0.006082, , , 
1618796634.798862, , , , 0.057578, -0.002772, 0.001364, , , 
1618796634.881734, , , , 0.077700, 0.016952, -0.003298, , , 
1618796634.963736, , , , 0.081093, -0.009887, -0.005401, , , 
1618796635.0486321, , , , -0.003452, -0.072507, 0.012169, , , 
1618796635.131822, , , , -0.040524, 0.008123, -0.005990, , , 
1618796635.214826, , , , 0.009880, 0.012117, -0.013252, , , 
1618796635.301002, , , , 0.010445, 0.056042, -0.033396, , , 
1618796635.383707, , , , 0.108195, 0.011725, -0.029897, , , 
1618796635.467105, , , , 0.037615, -0.066806, -0.005715, , , 
1618796635.551995, , , , 0.066620, 0.025698, -0.022004, , , 
1618796635.635452, , , , 0.100457, 0.003165, -0.035571, , , 
1618796635.717781, , , , 0.028325, -0.043166, -0.020196, , , 
1618796635.8019319, , , , 0.004994, -0.016378, -0.021488, , , 
1618796635.884245, , , , 0.043351, 0.015035, -0.020453, , , 
1618796635.939663, , , , 0.036277, -0.021513, -0.008444, , , 
1618796635.992502, , , , 0.038541, 0.017041, -0.021250, , , 
1618796636.0481339, , , , 0.047293, -0.015338, -0.027204, , , 
1618796636.160301, , , , 0.093284, 0.077995, -0.060804, , , 
1618796636.2462978, , , , -0.003719, -0.020041, -0.036781, , , 
1618796636.329626, , , , 0.038801, -0.049776, -0.008897, , , 
1618796636.411625, , , , 0.076668, 0.028407, -0.010250, , , 
1618796636.4976869, , , , 0.020404, 0.026148, 0.002993, , , 
1618796636.5806031, , , , -0.060463, -0.003002, -0.000258, , , 
1618796636.6655998, , , , -0.007647, 0.055941, -0.047877, , , 
1618796636.751647, , , , -0.037430, -0.059110, 0.002376, , , 
1618796636.835638, , , , -0.076641, -0.077421, 0.012562, , , 
1618796636.8916202, , , , -0.051393, -0.018636, -0.007923, , , 
1618796636.944469, , , , -0.092269, -0.027151, 0.025848, , , 
1618796636.9991798, , , , 0.013257, -0.035452, 0.004801, , , 
1618796637.110321, , , , -0.038175, 0.061758, 0.025746, , , 
1618796637.19765, , , , -0.020321, 0.025079, 0.007808, , , 
1618796637.280715, , , , 0.067048, -0.123756, 0.025022, , , 
1618796637.364481, , , , 0.154885, -0.045581, 0.003447, , , 
1618796637.449026, , , , 0.055556, 0.025820, -0.024566, , , 
1618796637.5312948, , , , 0.017163, -0.004302, -0.007576, , , 
1618796637.614769, , , , 0.066655, -0.066535, -0.012566, , , 
1618796637.701098, , , , 0.020255, -0.029309, -0.017467, , , 
1618796637.785228, , , , 0.130467, -0.131489, -0.010772, , , 
1618796637.868664, , , , 0.099608, -0.036191, -0.033341, , , 
1618796637.9266639, , , , 0.075695, -0.018798, -0.045803, , , 
1618796638.009516, , , , 0.133204, -0.100664, -0.012182, , , 
1618796638.123135, , , , 0.084050, -0.060442, -0.016804, , , 
1618796638.207628, , , , 0.078002, -0.061530, -0.003058, , , 
1618796638.290386, , , , 0.028259, -0.001836, -0.011862, , , 
1618796638.345891, , , , 0.041305, -0.013825, -0.008875, , , 
1618796638.402773, , , , 0.019228, -0.026792, 0.000187, , , 
1618796638.4870849, , , , 0.025444, -0.013333, -0.009896, , , 
1618796638.542768, , , , 0.012027, -0.004156, -0.020745, , , 
1618796638.596414, , , , 0.038618, -0.034513, -0.005426, , , 
1618796638.680325, , , , -0.041691, 0.014218, -0.012116, , , 
1618796638.764749, , , , -0.022235, 0.002153, -0.007618, , , 
1618796638.850816, , , , 0.006234, -0.003749, -0.012093, , , 
1618796638.9345942, , , , 0.001084, -0.014946, -0.009849, , , 
1618796638.990048, , , , 0.010990, -0.018945, -0.009255, , , 
1618796639.044084, , , , 0.001063, -0.041412, -0.004767, , , 
1618796639.0994148, , , , -0.037135, -0.032821, 0.001779, , , 
1618796639.214704, , , , -0.028859, -0.056403, -0.000291, , , 
1618796639.3011231, , , , -0.116920, 0.049721, -0.007196, , , 
1618796639.385839, , , , -0.290721, 0.056595, -0.000671, , , 
1618796639.470831, , , , -0.145679, 0.022787, 0.005323, , , 
1618796639.556991, , , , -0.107590, 0.008612, 0.000889, , , 
1618796639.641727, , , , -0.089096, 0.017639, -0.002280, , , 
1618796639.697555, , , , -0.046595, 0.024760, 0.001654, , , 
1618796639.752108, , , , -0.120459, 0.118338, -0.026062, , , 
1618796639.836166, , , , -0.049899, -0.040147, -0.009080, , , 
1618796639.891553, , , , -0.106885, 0.028714, -0.009252, , , 
1618796639.945997, , , , -0.123672, 0.003519, 0.023115, , , 
1618796640.032712, , , , -0.070075, -0.050225, 0.015931, , , 
1618796640.088651, , , , -0.095234, 0.010890, -0.010920, , , 
1618796640.142888, , , , -0.074199, -0.062737, 0.013720, , , 
1618796640.197588, , , , -0.073874, -0.012672, 0.000116, , , 
1618796640.252511, , , , -0.053388, -0.037662, 0.003831, , , 
1618796640.337246, , , , -0.012508, -0.079904, 0.009608, , , 
1618796640.394414, , , , -0.073784, 0.036477, -0.009711, , , 
1618796640.523838, , , , -0.025962, 0.004601, 0.002081, , , 
1618796641.471961, , , , 0.006467, -0.013524, -0.025332, , , 
1618796643.894856, , , , 0.036849, -0.390941, -0.454853, , , 
1618796645.2419028, , , , 0.299359, 0.032912, -0.020909, , , 
1618796646.167317, , , , 0.004031, -0.011568, 0.018769, , , 
1618796646.924346, , , , -0.010210, -0.018960, -0.020993, , , 
1618796647.499014, , , , 0.280754, 0.105791, 0.051964, , , 
1618796648.26705, , , , -0.004207, 0.001755, 0.001670, , , 
1618796648.8790631, , , , -0.013450, -0.012114, 0.002194, , , 
1618796649.561345, , , , -0.024570, -0.038360, 0.026276, , , 
1618796650.1859531, , , , -0.376447, -0.215540, -0.106886, , , 
1618796650.926377, , , , -0.636490, 0.210743, -0.003591, , , 
1618796651.533832, , , , -0.047307, -0.209674, 0.155899, , , 
1618796652.115705, , , , 0.004182, 0.065755, -0.092491, , , 
1618796653.213904, , , , 0.042965, -0.324353, 0.099385, , , 
1618796653.3291621, , , , -0.027734, -0.134389, 0.027868, , , 
1618796653.457175, , , , -0.064710, -0.099206, -0.023835, , , 
1618796653.574003, , , , 0.012717, -0.084008, 0.021831, , , 
1618796653.6796188, , , , -0.014354, 0.006794, 0.015938, , , 
1618796653.786631, , , , -0.155060, 0.122665, 0.063628, , , 